Store,StoreType,Assortment,CompetitionDistance,CompetitionOpenSinceMonth,CompetitionOpenSinceYear,Promo2,Promo2SinceWeek,Promo2SinceYear,PromoInterval
1,c,a,520,3,2009,0,,,
2,a,c,640,9,2013,0,,,
3,a,c,100,4,2014,1,31,2013,"Jan,Apr,Jul,Oct"
4,a,a,780,9,2005,1,5,2013,"Feb,May,Aug,Nov"
5,a,a,1700,1,2008,1,14,2011,"Jan,Apr,Jul,Oct"
6,d,a,2380,3,2013,1,40,2014,"Jan,Apr,Jul,Oct"
7,a,a,550,7,2011,1,1,2012,"Jan,Apr,Jul,Oct"
8,a,a,1150,9,2007,0,,,
9,a,a,330,,,0,,,
10,d,c,14160,,,0,,,
11,a,a,250,9,2009,0,,,
12,c,c,5830,9,2011,1,13,2010,"Jan,Apr,Jul,Oct"
13,a,c,180,,,1,35,2010,"Mar,Jun,Sept,Dec"
14,a,a,14570,11,2002,0,,,
15,d,c,9820,,,0,,,
16,a,a,1480,4,2009,0,,,
17,a,a,1790,10,2011,0,,,
18,d,a,2020,7,2014,0,,,
19,a,c,40860,9,2013,0,,,
20,a,a,1830,11,2004,0,,,
21,d,a,9710,2,2014,0,,,
22,b,a,1260,6,2011,0,,,
23,a,a,150,12,2007,1,10,2014,"Mar,Jun,Sept,Dec"
24,d,a,980,7,2014,1,18,2014,"Feb,May,Aug,Nov"
25,a,c,570,9,2012,1,27,2012,"Mar,Jun,Sept,Dec"
26,a,a,3130,7,2002,0,,,
27,d,a,7910,,,0,,,
28,a,a,620,9,2014,0,,,
29,a,c,170,2,2009,0,,,
30,b,b,210,,,0,,,
31,a,a,190,11,2012,0,,,
32,d,a,6630,,,0,,,
33,a,a,420,12,2012,0,,,
34,a,c,46590,4,2013,0,,,
35,a,a,3920,4,2005,1,40,2014,"Jan,Apr,Jul,Oct"
36,c,c,430,,,1,50,2010,"Jan,Apr,Jul,Oct"
37,a,c,210,,,1,31,2013,"Jan,Apr,Jul,Oct"
38,a,c,1420,,,1,10,2013,"Mar,Jun,Sept,Dec"
39,a,a,300,7,2000,1,40,2014,"Jan,Apr,Jul,Oct"
40,a,a,1200,9,2008,0,,,
41,a,c,25430,5,1999,1,37,2009,"Jan,Apr,Jul,Oct"
42,a,a,420,,,1,14,2011,"Jan,Apr,Jul,Oct"
43,a,a,2070,9,2007,0,,,
44,a,a,9560,4,2001,0,,,
45,a,a,2710,7,2001,1,22,2012,"Mar,Jun,Sept,Dec"
46,a,a,5100,4,2007,1,40,2014,"Jan,Apr,Jul,Oct"
47,a,c,3430,,,1,31,2013,"Feb,May,Aug,Nov"
48,a,c,3450,,,0,,,
49,a,c,350,12,2007,1,1,2012,"Jan,Apr,Jul,Oct"
50,a,c,1410,10,2013,0,,,
51,a,c,16570,,,0,,,
52,d,c,1850,,,0,,,
53,c,a,230,10,2001,1,14,2011,"Jan,Apr,Jul,Oct"
54,b,b,720,3,2002,0,,,
55,c,c,1910,7,2013,0,,,
56,d,c,2000,,,1,1,2013,"Jan,Apr,Jul,Oct"
57,a,a,270,8,2013,1,10,2014,"Mar,Jun,Sept,Dec"
58,c,a,20970,11,2012,0,,,
59,a,c,220,,,0,,,
60,c,c,1540,,,1,22,2012,"Mar,Jun,Sept,Dec"
61,a,c,58260,4,2013,0,,,
62,d,a,3520,,,1,18,2012,"Feb,May,Aug,Nov"
63,a,a,17500,4,2001,1,37,2009,"Jan,Apr,Jul,Oct"
64,d,c,12070,10,2005,1,10,2013,"Jan,Apr,Jul,Oct"
65,a,a,20390,,,0,,,
66,a,a,30,4,2013,0,,,
67,a,c,1610,,,0,,,
68,d,a,1340,,,0,,,
69,b,b,1410,9,2008,0,,,
70,a,a,180,11,2013,1,18,2011,"Feb,May,Aug,Nov"
71,c,c,2640,4,2011,1,22,2012,"Mar,Jun,Sept,Dec"
72,a,a,1290,,,1,35,2011,"Mar,Jun,Sept,Dec"
73,a,a,3320,,,0,,,
74,a,a,410,9,2012,0,,,
75,a,a,320,,,1,45,2009,"Feb,May,Aug,Nov"
76,a,c,2310,9,2011,1,13,2010,"Jan,Apr,Jul,Oct"
77,a,a,280,,,1,45,2009,"Feb,May,Aug,Nov"
78,a,a,180,3,2008,1,31,2013,"Feb,May,Aug,Nov"
79,d,a,850,,,1,18,2011,"Feb,May,Aug,Nov"
80,a,a,1100,8,2013,1,40,2014,"Jan,Apr,Jul,Oct"
81,a,c,,,,0,,,
82,a,a,2060,10,2008,0,,,
83,a,a,770,5,2013,1,40,2014,"Jan,Apr,Jul,Oct"
84,d,c,12020,7,2009,0,,,
85,d,c,3290,12,1999,1,35,2010,"Mar,Jun,Sept,Dec"
86,a,c,1530,3,2013,0,,,
87,a,c,210,9,2012,0,,,
88,c,a,1560,,,1,45,2009,"Feb,May,Aug,Nov"
89,a,a,3870,4,2008,0,,,
90,a,a,1190,11,2012,1,36,2013,"Jan,Apr,Jul,Oct"
91,d,c,1150,,,1,14,2011,"Jan,Apr,Jul,Oct"
92,d,a,10180,5,2015,0,,,
93,c,c,3970,3,2010,0,,,
94,d,c,9790,,,1,31,2009,"Feb,May,Aug,Nov"
95,a,a,3160,9,2009,0,,,
96,d,a,260,2,2012,1,14,2011,"Jan,Apr,Jul,Oct"
97,a,a,1420,10,2012,1,40,2014,"Jan,Apr,Jul,Oct"
98,a,a,850,2,2012,1,40,2014,"Jan,Apr,Jul,Oct"
99,a,a,5710,3,2012,1,37,2009,"Jan,Apr,Jul,Oct"
100,a,a,3770,,,0,,,
101,a,a,180,11,2006,0,,,
102,b,a,1270,5,2014,0,,,
103,d,a,15040,10,2004,0,,,
104,c,c,4490,5,2014,1,5,2013,"Feb,May,Aug,Nov"
105,a,a,330,11,2007,0,,,
106,a,a,7280,9,2012,1,1,2013,"Jan,Apr,Jul,Oct"
107,d,c,4370,,,0,,,
108,a,c,5950,,,0,,,
109,c,a,1690,6,2007,0,,,
110,b,c,1210,,,0,,,
111,a,a,16240,10,2000,1,18,2011,"Feb,May,Aug,Nov"
112,a,a,22390,4,2008,1,37,2009,"Jan,Apr,Jul,Oct"
113,d,a,970,11,1999,1,5,2013,"Feb,May,Aug,Nov"
114,a,a,1410,4,2003,0,,,
115,d,c,1860,5,2015,0,,,
116,a,c,1320,5,2013,0,,,
117,a,a,90,7,2010,0,,,
118,d,a,3780,,,1,40,2011,"Jan,Apr,Jul,Oct"
119,d,c,2170,,,0,,,
120,c,a,300,4,2006,0,,,
121,d,c,19960,3,2006,0,,,
122,d,c,13530,9,2013,0,,,
123,d,c,11260,,,1,9,2011,"Feb,May,Aug,Nov"
124,a,c,960,11,2011,1,1,2012,"Jan,Apr,Jul,Oct"
125,d,a,8300,9,2006,0,,,
126,a,a,3370,12,2008,1,40,2014,"Jan,Apr,Jul,Oct"
127,d,c,15140,12,2006,1,1,2012,"Jan,Apr,Jul,Oct"
128,a,c,190,6,2008,1,40,2011,"Jan,Apr,Jul,Oct"
129,d,c,2640,,,0,,,
130,d,a,8220,4,2014,1,14,2011,"Jan,Apr,Jul,Oct"
131,a,c,11810,8,2014,0,,,
132,a,a,350,8,1999,1,14,2011,"Jan,Apr,Jul,Oct"
133,d,c,1130,11,2008,0,,,
134,c,a,110,,,0,,,
135,a,a,90,6,2014,0,,,
136,a,c,840,,,1,10,2014,"Jan,Apr,Jul,Oct"
137,a,c,4030,,,0,,,
138,d,c,32240,3,2010,0,,,
139,d,a,18650,4,2004,1,14,2014,"Jan,Apr,Jul,Oct"
140,a,a,4160,,,0,,,
141,d,c,1860,9,2012,1,40,2012,"Jan,Apr,Jul,Oct"
142,a,a,910,12,2014,1,37,2009,"Jan,Apr,Jul,Oct"
143,a,a,2460,,,1,14,2011,"Jan,Apr,Jul,Oct"
144,d,a,19840,7,2009,0,,,
145,c,a,3390,,,0,,,
146,a,a,990,,,1,40,2014,"Jan,Apr,Jul,Oct"
147,d,c,18010,9,2014,0,,,
148,d,c,15170,,,1,5,2013,"Feb,May,Aug,Nov"
149,a,c,21370,11,2010,0,,,
150,a,a,720,11,2009,0,,,
151,c,c,1490,4,2009,0,,,
152,a,a,350,,,1,5,2013,"Feb,May,Aug,Nov"
153,d,c,4680,,,1,22,2012,"Mar,Jun,Sept,Dec"
154,d,c,7840,,,1,31,2009,"Feb,May,Aug,Nov"
155,d,a,1350,12,2005,1,13,2010,"Jan,Apr,Jul,Oct"
156,a,a,4140,9,2012,1,18,2011,"Feb,May,Aug,Nov"
157,a,c,18160,,,0,,,
158,a,a,40,2,2014,1,10,2014,"Mar,Jun,Sept,Dec"
159,a,a,2090,12,2008,0,,,
160,a,a,280,9,2008,0,,,
161,c,c,3290,1,2007,1,5,2013,"Feb,May,Aug,Nov"
162,a,a,230,6,2010,1,18,2010,"Feb,May,Aug,Nov"
163,a,a,27190,7,2010,1,37,2009,"Jan,Apr,Jul,Oct"
164,a,a,240,,,0,,,
165,a,c,410,2,2006,0,,,
166,a,a,3410,8,2011,1,14,2015,"Jan,Apr,Jul,Oct"
167,a,a,480,2,2005,1,31,2013,"Jan,Apr,Jul,Oct"
168,d,c,6680,9,2013,0,,,
169,d,c,3330,3,2015,1,13,2010,"Jan,Apr,Jul,Oct"
170,a,a,390,2,2013,1,10,2014,"Jan,Apr,Jul,Oct"
171,d,a,18610,,,0,,,
172,a,c,480,,,0,,,
173,a,a,3620,,,1,40,2013,"Jan,Apr,Jul,Oct"
174,a,c,910,,,1,22,2011,"Feb,May,Aug,Nov"
175,a,a,19830,4,2006,1,22,2011,"Mar,Jun,Sept,Dec"
176,a,c,7860,5,2005,0,,,
177,a,a,1890,,,0,,,
178,c,a,6270,8,2005,1,23,2014,"Mar,Jun,Sept,Dec"
179,c,a,4660,4,2013,0,,,
180,a,c,15050,9,2008,0,,,
181,d,c,24530,7,2013,0,,,
182,a,a,1400,6,2012,1,13,2010,"Jan,Apr,Jul,Oct"
183,a,a,4450,,,1,14,2011,"Jan,Apr,Jul,Oct"
184,a,a,290,10,2011,1,40,2014,"Jan,Apr,Jul,Oct"
185,a,c,120,12,2014,1,37,2009,"Jan,Apr,Jul,Oct"
186,a,a,660,4,2013,1,40,2014,"Jan,Apr,Jul,Oct"
187,b,a,90,,,1,31,2013,"Jan,Apr,Jul,Oct"
188,a,a,4080,3,2011,1,13,2010,"Jan,Apr,Jul,Oct"
189,a,a,1890,10,2014,0,,,
190,a,a,110,,,1,40,2014,"Jan,Apr,Jul,Oct"
191,a,c,4570,,,0,,,
192,a,a,29910,4,2015,0,,,
193,a,c,100,4,2015,0,,,
194,d,c,2490,11,2012,1,31,2009,"Jan,Apr,Jul,Oct"
195,b,b,900,,,1,14,2013,"Feb,May,Aug,Nov"
196,a,a,20050,4,2002,0,,,
197,a,a,1740,3,2008,1,40,2012,"Jan,Apr,Jul,Oct"
198,a,a,1300,3,2014,1,40,2011,"Jan,Apr,Jul,Oct"
199,d,c,7170,8,2014,1,5,2013,"Feb,May,Aug,Nov"
200,c,c,3890,,,0,,,
201,a,c,2970,3,2005,0,,,
202,d,a,3370,10,2014,1,18,2011,"Feb,May,Aug,Nov"
203,c,a,4230,12,2014,0,,,
204,a,a,15700,,,1,13,2010,"Jan,Apr,Jul,Oct"
205,a,c,670,,,1,14,2015,"Jan,Apr,Jul,Oct"
206,c,c,5090,9,2006,0,,,
207,a,a,1220,12,2010,0,,,
208,a,a,13090,,,1,22,2012,"Jan,Apr,Jul,Oct"
209,c,c,11470,10,2009,1,18,2014,"Jan,Apr,Jul,Oct"
210,c,c,10450,6,2009,0,,,
211,a,a,2290,7,2011,1,1,2012,"Jan,Apr,Jul,Oct"
212,d,c,570,7,2013,1,14,2011,"Jan,Apr,Jul,Oct"
213,a,a,290,9,2002,1,13,2010,"Jan,Apr,Jul,Oct"
214,d,a,2380,3,2010,1,14,2011,"Jan,Apr,Jul,Oct"
215,d,c,10890,4,2005,0,,,
216,a,c,720,10,2014,0,,,
217,d,c,4360,10,2005,0,,,
218,d,a,9000,8,2001,0,,,
219,a,a,210,11,2000,1,36,2013,"Mar,Jun,Sept,Dec"
220,a,c,9260,2,2010,0,,,
221,a,a,1160,12,2012,0,,,
222,c,c,1200,7,2012,1,27,2012,"Jan,Apr,Jul,Oct"
223,a,a,4260,7,2008,1,37,2009,"Jan,Apr,Jul,Oct"
224,a,c,5380,8,2015,1,5,2010,"Feb,May,Aug,Nov"
225,c,a,4510,,,1,48,2011,"Mar,Jun,Sept,Dec"
226,c,c,190,,,1,31,2013,"Feb,May,Aug,Nov"
227,a,a,18760,8,2015,1,14,2011,"Jan,Apr,Jul,Oct"
228,a,a,1470,12,2006,1,40,2014,"Jan,Apr,Jul,Oct"
229,a,a,13140,,,1,14,2011,"Jan,Apr,Jul,Oct"
230,a,c,12480,3,2011,0,,,
231,a,c,2280,,,1,10,2013,"Mar,Jun,Sept,Dec"
232,d,a,3050,,,1,35,2010,"Jan,Apr,Jul,Oct"
233,a,c,870,,,0,,,
234,d,c,1460,,,0,,,
235,a,a,30,11,2012,0,,,
236,a,a,540,,,1,14,2011,"Jan,Apr,Jul,Oct"
237,a,c,250,,,1,5,2013,"Feb,May,Aug,Nov"
238,a,a,3350,,,0,,,
239,a,a,110,12,2007,0,,,
240,b,a,1180,5,2013,0,,,
241,d,c,9910,,,0,,,
242,d,c,1680,10,2005,0,,,
243,d,a,8670,2,2002,1,14,2011,"Jan,Apr,Jul,Oct"
244,a,c,2270,,,1,35,2012,"Mar,Jun,Sept,Dec"
245,a,a,1640,2,2013,0,,,
246,d,c,22560,,,1,14,2013,"Jan,Apr,Jul,Oct"
247,d,c,1460,4,2014,1,31,2013,"Jan,Apr,Jul,Oct"
248,a,a,840,9,2006,0,,,
249,d,a,260,,,1,44,2010,"Feb,May,Aug,Nov"
250,c,a,3150,,,0,,,
251,d,a,5070,11,2007,1,18,2015,"Feb,May,Aug,Nov"
252,d,a,2960,12,2014,1,23,2015,"Mar,Jun,Sept,Dec"
253,a,a,20640,9,2007,0,,,
254,a,c,4820,9,2013,0,,,
255,a,a,120,,,1,22,2012,"Jan,Apr,Jul,Oct"
256,a,c,26490,,,1,10,2014,"Mar,Jun,Sept,Dec"
257,a,a,370,7,2012,1,14,2011,"Jan,Apr,Jul,Oct"
258,a,a,27650,8,2004,0,,,
259,b,a,1870,10,2011,0,,,
260,d,a,770,7,2010,1,35,2010,"Jan,Apr,Jul,Oct"
261,a,a,6870,,,0,,,
262,a,c,1090,7,2010,1,1,2013,"Jan,Apr,Jul,Oct"
263,d,a,1560,1,2014,1,10,2013,"Mar,Jun,Sept,Dec"
264,d,c,2780,6,2015,0,,,
265,a,c,360,3,2014,1,9,2011,"Mar,Jun,Sept,Dec"
266,a,a,960,5,2008,1,13,2010,"Jan,Apr,Jul,Oct"
267,a,a,3720,4,2005,1,13,2010,"Jan,Apr,Jul,Oct"
268,a,a,380,5,2011,1,40,2014,"Jan,Apr,Jul,Oct"
269,d,a,5470,,,1,37,2009,"Jan,Apr,Jul,Oct"
270,a,a,16990,4,2004,0,,,
271,a,a,2260,,,0,,,
272,a,c,23130,,,0,,,
273,a,a,650,11,2013,1,37,2009,"Jan,Apr,Jul,Oct"
274,d,c,1870,9,2013,0,,,
275,d,c,1090,8,2009,1,10,2014,"Jan,Apr,Jul,Oct"
276,a,a,1370,12,2011,1,40,2014,"Jan,Apr,Jul,Oct"
277,d,a,1290,,,1,40,2014,"Jan,Apr,Jul,Oct"
278,a,a,70,11,2004,1,14,2011,"Jan,Apr,Jul,Oct"
279,d,c,13140,,,1,31,2013,"Jan,Apr,Jul,Oct"
280,a,c,420,,,0,,,
281,a,a,620,10,2014,1,18,2014,"Feb,May,Aug,Nov"
282,a,a,140,9,2005,0,,,
283,a,c,19780,6,2008,0,,,
284,d,c,1340,10,2006,1,5,2013,"Feb,May,Aug,Nov"
285,a,a,1060,5,2009,1,27,2011,"Feb,May,Aug,Nov"
286,a,c,22350,6,2010,0,,,
287,a,a,16760,9,2011,0,,,
288,d,c,580,11,2014,0,,,
289,a,c,9990,,,0,,,
290,d,c,5350,,,1,22,2012,"Mar,Jun,Sept,Dec"
291,c,c,1990,1,2012,0,,,
292,a,c,3240,,,1,22,2011,"Mar,Jun,Sept,Dec"
293,d,c,3270,,,1,22,2012,"Jan,Apr,Jul,Oct"
294,d,c,1180,,,1,31,2013,"Jan,Apr,Jul,Oct"
295,d,c,810,,,1,48,2012,"Jan,Apr,Jul,Oct"
296,a,a,2820,9,2009,0,,,
297,a,a,320,12,2005,1,9,2011,"Feb,May,Aug,Nov"
298,a,a,2370,3,2011,1,40,2014,"Jan,Apr,Jul,Oct"
299,d,c,970,,,1,9,2011,"Mar,Jun,Sept,Dec"
300,a,c,220,,,1,10,2014,"Jan,Apr,Jul,Oct"
301,a,a,16490,,,1,22,2012,"Jan,Apr,Jul,Oct"
302,a,a,3210,,,0,,,
303,d,c,5010,,,1,5,2013,"Jan,Apr,Jul,Oct"
304,c,a,3250,,,1,40,2011,"Jan,Apr,Jul,Oct"
305,d,c,38630,9,2012,0,,,
306,a,a,2220,12,2011,1,14,2015,"Jan,Apr,Jul,Oct"
307,a,a,1800,11,2006,1,5,2013,"Feb,May,Aug,Nov"
308,a,c,18370,2,2013,1,14,2011,"Jan,Apr,Jul,Oct"
309,d,c,2870,9,2012,0,,,
310,a,a,560,10,2014,1,10,2014,"Jan,Apr,Jul,Oct"
311,a,a,16690,,,1,14,2011,"Jan,Apr,Jul,Oct"
312,d,a,8250,10,2000,1,31,2009,"Jan,Apr,Jul,Oct"
313,c,c,5000,,,0,,,
314,c,a,700,4,2009,1,14,2011,"Jan,Apr,Jul,Oct"
315,a,c,3560,9,2013,1,36,2013,"Jan,Apr,Jul,Oct"
316,a,c,1130,,,1,10,2014,"Mar,Jun,Sept,Dec"
317,a,c,19360,,,0,,,
318,d,a,5760,7,2014,0,,,
319,a,c,2950,10,2004,0,,,
320,d,c,2190,12,2007,1,9,2011,"Mar,Jun,Sept,Dec"
321,a,c,14600,4,2015,0,,,
322,d,c,3290,12,2014,0,,,
323,a,c,33060,3,2010,0,,,
324,a,c,50,,,1,40,2011,"Jan,Apr,Jul,Oct"
325,d,c,2320,,,1,40,2012,"Jan,Apr,Jul,Oct"
326,a,a,7240,2,2010,0,,,
327,c,c,3330,10,2001,1,14,2011,"Jan,Apr,Jul,Oct"
328,c,c,3210,6,2009,0,,,
329,a,c,170,9,2012,0,,,
330,c,a,4130,,,0,,,
331,a,a,2170,11,2008,0,,,
332,c,a,1620,9,2009,0,,,
333,a,c,16490,,,0,,,
334,d,a,2810,,,1,10,2014,"Jan,Apr,Jul,Oct"
335,a,a,1250,2,2004,1,5,2013,"Feb,May,Aug,Nov"
336,a,c,1310,,,0,,,
337,a,a,2380,7,2004,1,40,2014,"Jan,Apr,Jul,Oct"
338,a,a,50,,,0,,,
339,c,c,3530,6,2012,1,35,2012,"Mar,Jun,Sept,Dec"
340,d,c,11840,,,1,31,2009,"Feb,May,Aug,Nov"
341,d,c,4520,9,2010,1,31,2013,"Jan,Apr,Jul,Oct"
342,d,a,6880,9,2001,1,14,2011,"Jan,Apr,Jul,Oct"
343,a,c,1070,8,2010,0,,,
344,d,a,1740,6,2014,1,45,2009,"Feb,May,Aug,Nov"
345,a,a,520,,,0,,,
346,d,a,2290,12,2014,1,37,2009,"Jan,Apr,Jul,Oct"
347,a,c,5080,,,1,31,2013,"Feb,May,Aug,Nov"
348,a,c,8090,,,0,,,
349,d,c,11540,,,1,5,2013,"Feb,May,Aug,Nov"
350,d,a,3910,11,2006,1,5,2013,"Feb,May,Aug,Nov"
351,c,c,900,9,2010,0,,,
352,d,a,2300,,,0,,,
353,d,c,610,,,0,,,
354,c,a,60,4,2006,0,,,
355,a,a,1070,9,2009,0,,,
356,a,a,1790,5,2011,0,,,
357,a,a,150,,,1,31,2013,"Jan,Apr,Jul,Oct"
358,a,a,60,1,2005,1,5,2011,"Jan,Apr,Jul,Oct"
359,a,c,640,,,1,9,2011,"Mar,Jun,Sept,Dec"
360,d,c,710,,,1,40,2011,"Jan,Apr,Jul,Oct"
361,d,c,2640,9,2012,0,,,
362,d,c,17410,4,2007,1,14,2011,"Jan,Apr,Jul,Oct"
363,a,a,27530,4,2014,0,,,
364,c,a,50,11,2006,0,,,
365,a,a,8780,2,2005,1,37,2009,"Jan,Apr,Jul,Oct"
366,d,c,5440,,,1,40,2014,"Jan,Apr,Jul,Oct"
367,d,c,960,11,2012,1,5,2013,"Feb,May,Aug,Nov"
368,d,c,1360,8,2005,1,10,2014,"Jan,Apr,Jul,Oct"
369,a,a,2060,,,1,45,2009,"Feb,May,Aug,Nov"
370,c,c,80,1,2006,1,10,2014,"Jan,Apr,Jul,Oct"
371,a,a,250,,,0,,,
372,a,a,2640,11,2002,0,,,
373,d,a,1120,5,2007,1,31,2013,"Jan,Apr,Jul,Oct"
374,d,c,3030,,,1,37,2009,"Jan,Apr,Jul,Oct"
375,d,c,270,2,2013,1,40,2012,"Jan,Apr,Jul,Oct"
376,a,c,250,10,2008,0,,,
377,d,c,330,9,2006,1,14,2011,"Jan,Apr,Jul,Oct"
378,a,a,250,12,2001,1,13,2010,"Jan,Apr,Jul,Oct"
379,d,c,9430,,,0,,,
380,c,a,40,11,2011,1,22,2012,"Mar,Jun,Sept,Dec"
381,a,a,220,,,1,36,2013,"Mar,Jun,Sept,Dec"
382,d,c,12870,10,2008,0,,,
383,c,c,5980,2,2010,0,,,
384,d,a,12700,4,2013,0,,,
385,a,c,160,7,2007,0,,,
386,a,a,2120,,,0,,,
387,a,a,90,,,1,45,2009,"Feb,May,Aug,Nov"
388,a,a,50,,,0,,,
389,a,a,3570,4,2007,0,,,
390,c,a,19640,,,1,14,2011,"Jan,Apr,Jul,Oct"
391,a,a,1780,,,0,,,
392,a,c,26990,12,2013,0,,,
393,b,a,150,9,2006,0,,,
394,a,a,1460,4,2015,0,,,
395,a,a,18160,,,0,,,
396,a,a,570,11,2007,1,13,2010,"Jan,Apr,Jul,Oct"
397,d,a,2340,5,2009,1,40,2014,"Jan,Apr,Jul,Oct"
398,d,c,4060,9,2012,0,,,
399,c,a,2240,9,2009,0,,,
400,a,c,9630,,,1,14,2011,"Jan,Apr,Jul,Oct"
401,a,a,1000,11,2007,0,,,
402,c,a,940,4,2004,1,14,2011,"Jan,Apr,Jul,Oct"
403,a,a,14130,12,2006,1,14,2011,"Jan,Apr,Jul,Oct"
404,a,c,120,4,2009,1,1,2012,"Jan,Apr,Jul,Oct"
405,a,c,340,,,0,,,
406,c,a,1190,9,2013,0,,,
407,d,c,1420,11,2012,0,,,
408,d,a,730,8,2007,0,,,
409,a,a,2720,9,2012,0,,,
410,d,c,8240,3,2001,1,10,2013,"Feb,May,Aug,Nov"
411,a,c,3970,9,2009,0,,,
412,c,a,240,4,2015,1,13,2010,"Jan,Apr,Jul,Oct"
413,c,c,2510,8,2009,1,1,2012,"Jan,Apr,Jul,Oct"
414,d,a,1200,9,2009,1,45,2009,"Jan,Apr,Jul,Oct"
415,d,c,11120,,,1,22,2012,"Jan,Apr,Jul,Oct"
416,d,a,1710,,,0,,,
417,c,c,3100,5,2010,0,,,
418,a,c,23620,11,2013,0,,,
419,a,a,290,11,2006,1,5,2013,"Feb,May,Aug,Nov"
420,a,a,16680,,,1,37,2009,"Jan,Apr,Jul,Oct"
421,d,c,16350,7,2005,1,31,2013,"Jan,Apr,Jul,Oct"
422,a,a,230,7,2004,1,10,2014,"Jan,Apr,Jul,Oct"
423,a,c,250,,,1,35,2012,"Mar,Jun,Sept,Dec"
424,a,c,15710,2,2013,1,37,2009,"Jan,Apr,Jul,Oct"
425,d,a,5070,,,1,45,2009,"Feb,May,Aug,Nov"
426,d,a,24770,10,2011,1,10,2014,"Mar,Jun,Sept,Dec"
427,a,c,2180,,,0,,,
428,d,c,2140,7,2013,0,,,
429,a,c,20620,,,1,37,2009,"Jan,Apr,Jul,Oct"
430,c,c,31830,3,2010,0,,,
431,a,a,4140,9,2012,0,,,
432,a,c,1510,9,2013,0,,,
433,a,a,870,3,2006,0,,,
434,d,a,4400,,,0,,,
435,a,a,17650,11,2013,1,37,2009,"Jan,Apr,Jul,Oct"
436,a,a,2910,,,1,45,2009,"Feb,May,Aug,Nov"
437,a,a,34050,4,2008,0,,,
438,c,c,8980,6,2011,0,,,
439,a,a,120,,,0,,,
440,d,c,1790,7,2013,1,40,2013,"Jan,Apr,Jul,Oct"
441,c,c,10740,11,2013,0,,,
442,a,a,1010,,,0,,,
443,a,c,430,,,0,,,
444,a,a,180,,,1,45,2009,"Feb,May,Aug,Nov"
445,a,a,1900,6,2014,1,31,2013,"Jan,Apr,Jul,Oct"
446,a,a,2480,7,1990,0,,,
447,b,b,1430,,,0,,,
448,a,c,4590,3,2000,1,40,2011,"Jan,Apr,Jul,Oct"
449,a,c,70,6,1990,1,22,2012,"Mar,Jun,Sept,Dec"
450,a,c,340,9,2012,1,40,2012,"Jan,Apr,Jul,Oct"
451,d,c,680,,,1,22,2012,"Jan,Apr,Jul,Oct"
452,a,c,300,4,2011,1,14,2011,"Jan,Apr,Jul,Oct"
453,c,a,110,11,2008,0,,,
454,a,c,360,,,1,18,2013,"Feb,May,Aug,Nov"
455,a,a,200,,,0,,,
456,a,a,460,11,2014,1,31,2013,"Feb,May,Aug,Nov"
457,a,a,2240,5,2013,1,10,2014,"Mar,Jun,Sept,Dec"
458,a,c,3170,4,2014,0,,,
459,d,a,710,3,2012,1,1,2012,"Jan,Apr,Jul,Oct"
460,a,c,140,,,0,,,
461,d,a,4060,8,2005,0,,,
462,d,c,5350,,,1,40,2012,"Jan,Apr,Jul,Oct"
463,a,c,600,11,1999,1,10,2013,"Jan,Apr,Jul,Oct"
464,a,a,390,6,2009,0,,,
465,a,a,16180,7,2003,1,14,2011,"Jan,Apr,Jul,Oct"
466,d,c,22330,,,1,5,2010,"Feb,May,Aug,Nov"
467,c,c,140,9,2012,0,,,
468,d,a,20930,,,0,,,
469,d,c,3840,10,2008,1,39,2010,"Feb,May,Aug,Nov"
470,a,a,250,,,0,,,
471,a,a,990,2,2010,0,,,
472,c,a,21770,7,2015,0,,,
473,c,c,450,,,1,5,2013,"Feb,May,Aug,Nov"
474,d,c,5870,4,2014,0,,,
475,a,c,5020,5,2006,1,18,2014,"Feb,May,Aug,Nov"
476,c,c,330,11,2008,1,5,2013,"Feb,May,Aug,Nov"
477,d,c,1970,7,2009,1,45,2014,"Feb,May,Aug,Nov"
478,a,a,480,12,2005,0,,,
479,d,c,4610,6,2010,1,18,2010,"Feb,May,Aug,Nov"
480,c,c,460,,,0,,,
481,d,c,15720,3,2010,0,,,
482,a,a,4150,5,2001,0,,,
483,d,a,510,7,2014,1,23,2015,"Mar,Jun,Sept,Dec"
484,a,c,460,11,2012,1,40,2014,"Jan,Apr,Jul,Oct"
485,d,c,5900,,,0,,,
486,a,a,1170,4,2011,1,22,2012,"Feb,May,Aug,Nov"
487,a,a,4300,3,2009,1,27,2013,"Jan,Apr,Jul,Oct"
488,a,c,2140,8,2012,0,,,
489,a,a,220,2,2002,1,37,2009,"Jan,Apr,Jul,Oct"
490,d,c,7660,9,2010,0,,,
491,d,c,5740,4,2007,1,40,2014,"Jan,Apr,Jul,Oct"
492,a,a,7680,3,2006,0,,,
493,d,c,20930,11,1999,0,,,
494,a,a,310,5,2015,1,40,2014,"Jan,Apr,Jul,Oct"
495,d,c,520,,,1,37,2009,"Jan,Apr,Jul,Oct"
496,d,c,1940,3,2012,0,,,
497,a,a,810,5,2013,0,,,
498,d,c,2870,,,1,35,2012,"Mar,Jun,Sept,Dec"
499,a,a,180,,,1,5,2013,"Jan,Apr,Jul,Oct"
500,a,c,130,,,1,27,2013,"Feb,May,Aug,Nov"
501,a,a,1650,10,2000,0,,,
502,a,a,8080,12,2002,1,40,2014,"Jan,Apr,Jul,Oct"
503,a,c,3270,,,0,,,
504,d,c,4880,8,2010,1,18,2014,"Jan,Apr,Jul,Oct"
505,a,c,22490,,,0,,,
506,a,a,3440,,,1,31,2013,"Feb,May,Aug,Nov"
507,c,a,430,4,2003,0,,,
508,a,a,9580,5,2007,1,45,2014,"Feb,May,Aug,Nov"
509,a,c,13190,,,1,45,2013,"Feb,May,Aug,Nov"
510,a,a,1310,6,1990,1,22,2012,"Mar,Jun,Sept,Dec"
511,a,c,4700,9,2002,1,31,2013,"Feb,May,Aug,Nov"
512,a,c,540,6,2003,1,40,2014,"Jan,Apr,Jul,Oct"
513,d,c,6300,10,2013,0,,,
514,a,a,7520,10,2014,0,,,
515,a,a,1840,3,2006,0,,,
516,a,c,70,7,2005,1,13,2010,"Jan,Apr,Jul,Oct"
517,a,c,610,12,2003,1,36,2013,"Mar,Jun,Sept,Dec"
518,c,a,450,6,2011,1,48,2012,"Mar,Jun,Sept,Dec"
519,d,c,18640,9,2013,1,10,2014,"Mar,Jun,Sept,Dec"
520,a,c,7180,11,2012,0,,,
521,a,a,1070,12,2006,1,13,2010,"Jan,Apr,Jul,Oct"
522,c,a,1010,9,2012,1,18,2011,"Feb,May,Aug,Nov"
523,a,c,2070,2,2008,1,39,2010,"Jan,Apr,Jul,Oct"
524,a,a,2040,11,2008,0,,,
525,c,a,2410,,,1,45,2009,"Feb,May,Aug,Nov"
526,a,a,2850,7,2014,0,,,
527,c,a,170,,,1,35,2012,"Mar,Jun,Sept,Dec"
528,a,c,2200,12,2010,1,22,2012,"Feb,May,Aug,Nov"
529,c,a,2870,7,2015,1,13,2010,"Jan,Apr,Jul,Oct"
530,a,c,6270,2,2005,0,,,
531,d,a,17930,,,0,,,
532,c,a,1200,9,2005,1,14,2011,"Jan,Apr,Jul,Oct"
533,c,c,620,9,2009,0,,,
534,a,a,1700,9,2009,0,,,
535,c,c,4180,9,2012,0,,,
536,a,a,3020,2,2010,0,,,
537,a,a,19370,4,2002,0,,,
538,d,a,590,5,2001,0,,,
539,a,a,3000,2,2010,0,,,
540,d,c,10800,,,1,18,2011,"Feb,May,Aug,Nov"
541,d,c,6970,12,2005,1,22,2011,"Jan,Apr,Jul,Oct"
542,a,a,10690,10,2005,0,,,
543,a,a,70,,,0,,,
544,a,c,10570,7,2013,1,9,2011,"Jan,Apr,Jul,Oct"
545,a,a,1200,10,2014,1,6,2015,"Mar,Jun,Sept,Dec"
546,c,c,1390,12,2004,0,,,
547,a,c,6250,,,0,,,
548,a,a,1850,12,2014,1,18,2011,"Feb,May,Aug,Nov"
549,d,c,9230,4,2004,1,37,2009,"Jan,Apr,Jul,Oct"
550,a,c,11680,9,2011,1,31,2013,"Jan,Apr,Jul,Oct"
551,a,a,590,1,1900,1,40,2014,"Jan,Apr,Jul,Oct"
552,d,a,410,4,2009,1,13,2010,"Jan,Apr,Jul,Oct"
553,a,a,2260,11,2007,0,,,
554,a,a,5290,11,2012,1,5,2013,"Feb,May,Aug,Nov"
555,a,a,4740,7,2008,1,37,2009,"Jan,Apr,Jul,Oct"
556,d,c,32330,3,2014,0,,,
557,d,c,1110,,,1,40,2012,"Jan,Apr,Jul,Oct"
558,a,a,2090,10,2012,1,40,2014,"Jan,Apr,Jul,Oct"
559,a,a,3510,11,2006,1,5,2013,"Feb,May,Aug,Nov"
560,a,a,1450,7,2014,0,,,
561,c,c,490,5,2007,1,13,2010,"Jan,Apr,Jul,Oct"
562,a,c,1520,,,0,,,
563,d,c,420,6,2014,0,,,
564,a,a,200,,,0,,,
565,a,a,130,,,1,1,2013,"Jan,Apr,Jul,Oct"
566,b,b,860,10,1999,0,,,
567,b,b,3640,,,1,10,2013,"Jan,Apr,Jul,Oct"
568,a,a,2030,9,2012,1,18,2011,"Feb,May,Aug,Nov"
569,a,a,650,10,2006,0,,,
570,a,c,6690,8,2011,0,,,
571,c,a,440,4,2002,0,,,
572,d,c,5980,10,2005,0,,,
573,a,c,6920,9,2011,0,,,
574,a,a,460,3,2014,1,13,2010,"Jan,Apr,Jul,Oct"
575,a,c,1060,12,2005,0,,,
576,d,a,5220,5,2009,0,,,
577,d,c,10690,9,2007,1,5,2013,"Jan,Apr,Jul,Oct"
578,a,a,15270,,,1,10,2014,"Jan,Apr,Jul,Oct"
579,a,a,3620,2,2013,0,,,
580,c,c,1650,,,1,14,2011,"Jan,Apr,Jul,Oct"
581,d,c,12480,,,1,1,2013,"Jan,Apr,Jul,Oct"
582,d,a,800,,,1,14,2011,"Mar,Jun,Sept,Dec"
583,a,a,9670,,,0,,,
584,c,a,240,1,2015,0,,,
585,a,c,250,1,2005,0,,,
586,c,a,6930,9,2006,0,,,
587,a,a,44320,8,2008,0,,,
588,a,c,650,7,1990,0,,,
589,d,a,330,3,2008,1,1,2012,"Mar,Jun,Sept,Dec"
590,a,c,2890,4,2014,0,,,
591,a,c,40540,2,2002,0,,,
592,a,c,2880,,,0,,,
593,d,a,150,,,1,45,2009,"Feb,May,Aug,Nov"
594,c,a,920,7,2015,0,,,
595,a,c,350,,,1,31,2013,"Feb,May,Aug,Nov"
596,d,a,7860,11,2005,1,14,2011,"Jan,Apr,Jul,Oct"
597,a,c,75860,,,0,,,
598,c,c,490,11,2002,0,,,
599,a,c,5460,,,1,14,2011,"Jan,Apr,Jul,Oct"
600,a,a,630,2,2015,1,31,2013,"Feb,May,Aug,Nov"
601,d,a,1070,,,0,,,
602,d,c,4380,,,0,,,
603,a,a,340,10,2000,1,31,2013,"Feb,May,Aug,Nov"
604,d,c,8540,,,0,,,
605,a,c,350,,,0,,,
606,c,a,14810,,,1,14,2011,"Mar,Jun,Sept,Dec"
607,d,a,19700,,,1,37,2009,"Jan,Apr,Jul,Oct"
608,a,a,12610,3,2013,1,14,2011,"Jan,Apr,Jul,Oct"
609,d,c,1200,11,2007,0,,,
610,d,a,48330,4,2013,0,,,
611,a,c,30,9,2010,0,,,
612,a,a,40,8,2015,0,,,
613,a,c,12430,10,2004,0,,,
614,c,a,470,3,2007,1,1,2012,"Jan,Apr,Jul,Oct"
615,c,a,900,,,1,13,2010,"Jan,Apr,Jul,Oct"
616,d,a,2110,3,2006,0,,,
617,a,a,5890,10,2003,1,14,2011,"Feb,May,Aug,Nov"
618,c,c,1200,,,0,,,
619,a,a,2200,12,2009,1,13,2010,"Jan,Apr,Jul,Oct"
620,d,a,5300,,,1,45,2009,"Feb,May,Aug,Nov"
621,a,a,150,3,2011,1,40,2014,"Jan,Apr,Jul,Oct"
622,d,c,310,,,1,40,2011,"Jan,Apr,Jul,Oct"
623,d,c,3460,10,2013,1,10,2014,"Jan,Apr,Jul,Oct"
624,a,a,6420,4,2011,1,1,2012,"Jan,Apr,Jul,Oct"
625,a,a,180,3,2014,0,,,
626,c,c,5030,8,2011,0,,,
627,a,c,30360,9,2013,0,,,
628,d,a,190,9,2012,1,40,2012,"Feb,May,Aug,Nov"
629,c,c,710,9,2005,0,,,
630,a,c,2030,8,2000,0,,,
631,d,a,17080,7,2012,1,31,2013,"Jan,Apr,Jul,Oct"
632,a,c,3300,11,2010,0,,,
633,a,a,660,1,2007,0,,,
634,a,a,7780,11,2006,0,,,
635,d,a,4370,,,0,,,
636,c,a,720,10,2004,1,13,2010,"Jan,Apr,Jul,Oct"
637,d,c,4040,8,2008,1,18,2013,"Mar,Jun,Sept,Dec"
638,d,c,70,11,2010,1,5,2013,"Feb,May,Aug,Nov"
639,d,c,8990,11,2009,1,35,2010,"Mar,Jun,Sept,Dec"
640,a,c,1070,,,1,13,2010,"Jan,Apr,Jul,Oct"
641,a,c,760,9,2014,0,,,
642,a,c,30030,11,2010,0,,,
643,a,a,4870,9,2007,1,45,2009,"Jan,Apr,Jul,Oct"
644,c,a,3380,4,2013,0,,,
645,d,c,7930,,,1,1,2013,"Jan,Apr,Jul,Oct"
646,a,a,350,12,2012,0,,,
647,a,a,17500,8,2008,1,37,2009,"Mar,Jun,Sept,Dec"
648,c,a,290,9,2006,0,,,
649,a,a,3450,9,2011,0,,,
650,d,c,1140,11,2014,0,,,
651,d,c,6360,,,1,40,2012,"Mar,Jun,Sept,Dec"
652,a,a,970,3,2013,1,31,2013,"Feb,May,Aug,Nov"
653,a,a,1710,7,2015,0,,,
654,a,c,3720,2,2010,0,,,
655,d,c,6970,9,2011,0,,,
656,a,a,1600,6,2006,1,45,2009,"Feb,May,Aug,Nov"
657,a,a,1590,3,2006,0,,,
658,a,a,2330,10,2014,1,18,2011,"Feb,May,Aug,Nov"
659,d,a,4880,,,1,37,2009,"Jan,Apr,Jul,Oct"
660,d,c,2190,9,2003,0,,,
661,a,a,150,9,2008,1,1,2012,"Mar,Jun,Sept,Dec"
662,a,c,13080,,,0,,,
663,a,c,35280,,,0,,,
664,d,c,2740,7,2014,1,13,2010,"Jan,Apr,Jul,Oct"
665,a,a,2060,9,2009,0,,,
666,a,a,190,7,2014,0,,,
667,a,c,16210,11,2010,0,,,
668,a,c,1590,,,1,37,2009,"Jan,Apr,Jul,Oct"
669,a,c,38710,4,2013,0,,,
670,d,c,50,6,2015,0,,,
671,d,a,7830,9,2014,1,10,2014,"Mar,Jun,Sept,Dec"
672,d,c,6890,,,1,48,2011,"Mar,Jun,Sept,Dec"
673,a,c,1600,4,2009,0,,,
674,a,a,1640,6,2006,1,40,2011,"Jan,Apr,Jul,Oct"
675,d,c,16420,,,0,,,
676,d,a,310,,,1,45,2009,"Feb,May,Aug,Nov"
677,d,c,9910,12,2010,1,9,2011,"Mar,Jun,Sept,Dec"
678,a,a,310,,,1,5,2013,"Feb,May,Aug,Nov"
679,a,a,140,3,2006,0,,,
680,d,a,1450,3,2012,1,14,2011,"Jan,Apr,Jul,Oct"
681,a,c,1280,,,1,40,2011,"Jan,Apr,Jul,Oct"
682,a,c,4510,3,2015,0,,,
683,a,a,340,6,2003,1,40,2014,"Jan,Apr,Jul,Oct"
684,a,a,2640,,,0,,,
685,a,c,20390,4,2008,0,,,
686,c,c,550,,,1,35,2010,"Mar,Jun,Sept,Dec"
687,d,a,1500,9,2008,1,14,2011,"Jan,Apr,Jul,Oct"
688,c,a,1190,,,0,,,
689,d,a,8530,3,2013,0,,,
690,c,a,1080,12,2012,0,,,
691,d,a,2710,7,2006,0,,,
692,a,c,2270,11,2005,1,14,2011,"Jan,Apr,Jul,Oct"
693,a,a,12770,10,2000,0,,,
694,c,c,5390,8,2003,1,1,2012,"Jan,Apr,Jul,Oct"
695,a,c,680,7,2005,0,,,
696,a,a,540,6,2011,0,,,
697,d,a,2590,,,1,13,2010,"Jan,Apr,Jul,Oct"
698,d,c,5150,3,2011,1,13,2010,"Jan,Apr,Jul,Oct"
699,d,c,780,,,0,,,
700,b,b,590,,,1,5,2013,"Mar,Jun,Sept,Dec"
701,d,a,14300,,,0,,,
702,d,c,8250,10,2004,1,10,2013,"Mar,Jun,Sept,Dec"
703,d,c,8110,,,0,,,
704,c,c,3890,11,2006,1,5,2013,"Feb,May,Aug,Nov"
705,d,a,11640,4,2005,1,22,2011,"Jan,Apr,Jul,Oct"
706,c,c,4840,,,0,,,
707,a,c,8860,4,2004,1,37,2009,"Jan,Apr,Jul,Oct"
708,d,c,13170,8,2014,1,9,2011,"Mar,Jun,Sept,Dec"
709,c,a,3740,2,2002,1,14,2011,"Jan,Apr,Jul,Oct"
710,a,a,690,6,2007,1,14,2011,"Jan,Apr,Jul,Oct"
711,d,c,3580,9,2012,0,,,
712,d,a,10310,4,2003,1,37,2009,"Jan,Apr,Jul,Oct"
713,a,a,2960,10,2014,1,36,2013,"Mar,Jun,Sept,Dec"
714,d,c,13080,9,2006,1,14,2011,"Jan,Apr,Jul,Oct"
715,c,c,740,,,1,14,2013,"Mar,Jun,Sept,Dec"
716,a,c,8480,,,0,,,
717,a,c,250,,,0,,,
718,d,c,330,,,1,28,2012,"Jan,Apr,Jul,Oct"
719,a,c,410,11,2010,1,48,2010,"Mar,Jun,Sept,Dec"
720,a,a,2710,,,0,,,
721,a,c,490,9,2012,1,18,2011,"Feb,May,Aug,Nov"
722,a,a,700,3,2015,1,10,2014,"Jan,Apr,Jul,Oct"
723,a,c,9770,7,2003,0,,,
724,a,a,17570,,,0,,,
725,d,c,10620,,,0,,,
726,d,c,6330,6,2004,1,39,2010,"Jan,Apr,Jul,Oct"
727,d,c,3230,11,2011,0,,,
728,d,c,3760,2,2009,0,,,
729,a,c,7980,6,2005,0,,,
730,a,a,2020,2,2011,1,14,2011,"Mar,Jun,Sept,Dec"
731,a,c,1620,9,2006,0,,,
732,d,a,1360,,,1,35,2010,"Mar,Jun,Sept,Dec"
733,a,a,4580,,,1,14,2015,"Jan,Apr,Jul,Oct"
734,a,c,380,,,1,14,2012,"Jan,Apr,Jul,Oct"
735,d,c,2620,11,2002,0,,,
736,a,a,110,11,2012,1,31,2013,"Feb,May,Aug,Nov"
737,d,a,10950,3,2014,0,,,
738,a,a,720,11,2004,0,,,
739,d,c,9360,7,2013,1,22,2012,"Mar,Jun,Sept,Dec"
740,d,a,2530,,,0,,,
741,a,c,2700,,,0,,,
742,a,a,680,4,2013,0,,,
743,a,a,15430,11,2012,1,18,2011,"Feb,May,Aug,Nov"
744,d,c,9070,12,2003,0,,,
745,d,c,1280,,,1,10,2013,"Mar,Jun,Sept,Dec"
746,a,c,100,6,2010,1,18,2010,"Feb,May,Aug,Nov"
747,a,c,2230,5,2009,1,40,2014,"Jan,Apr,Jul,Oct"
748,a,a,2410,,,0,,,
749,a,c,3040,8,2011,1,35,2010,"Mar,Jun,Sept,Dec"
750,a,a,820,3,2012,1,35,2012,"Mar,Jun,Sept,Dec"
751,d,c,1250,,,1,40,2011,"Jan,Apr,Jul,Oct"
752,c,c,26130,11,2002,0,,,
753,c,a,5780,11,1994,1,10,2014,"Mar,Jun,Sept,Dec"
754,c,c,4630,3,2011,1,35,2011,"Feb,May,Aug,Nov"
755,c,a,500,,,1,45,2009,"Feb,May,Aug,Nov"
756,a,a,780,4,2009,0,,,
757,a,a,1420,11,2007,0,,,
758,d,c,13130,12,2003,0,,,
759,d,c,17540,6,2012,0,,,
760,a,a,3570,11,2009,1,36,2013,"Mar,Jun,Sept,Dec"
761,d,a,7660,,,1,37,2009,"Jan,Apr,Jul,Oct"
762,a,c,1710,,,1,44,2012,"Jan,Apr,Jul,Oct"
763,a,c,13840,5,2010,1,1,2012,"Jan,Apr,Jul,Oct"
764,c,c,820,,,0,,,
765,c,a,1270,9,2010,0,,,
766,d,a,10170,11,2001,0,,,
767,a,a,1730,7,2015,1,40,2014,"Jan,Apr,Jul,Oct"
768,a,c,2840,6,2007,1,14,2011,"Jan,Apr,Jul,Oct"
769,a,a,1040,,,1,22,2012,"Jan,Apr,Jul,Oct"
770,a,c,4650,6,2014,0,,,
771,d,a,510,,,1,35,2010,"Mar,Jun,Sept,Dec"
772,a,c,350,3,2011,1,22,2011,"Feb,May,Aug,Nov"
773,d,a,10070,5,2015,1,31,2013,"Feb,May,Aug,Nov"
774,c,a,2740,5,2009,1,40,2014,"Jan,Apr,Jul,Oct"
775,a,a,5630,12,2002,1,40,2014,"Jan,Apr,Jul,Oct"
776,a,c,90,,,1,1,2013,"Jan,Apr,Jul,Oct"
777,a,a,2300,9,2010,0,,,
778,a,a,90,11,2012,0,,,
779,a,a,1070,5,2015,1,14,2011,"Jan,Apr,Jul,Oct"
780,a,a,560,1,2011,0,,,
781,c,a,3040,9,2002,1,13,2010,"Jan,Apr,Jul,Oct"
782,a,a,450,,,0,,,
783,a,c,8940,,,1,9,2011,"Jan,Apr,Jul,Oct"
784,a,a,1200,12,2011,1,31,2013,"Jan,Apr,Jul,Oct"
785,a,c,1650,,,1,40,2014,"Jan,Apr,Jul,Oct"
786,d,c,5840,7,2010,1,37,2009,"Jan,Apr,Jul,Oct"
787,a,a,100,5,2007,1,31,2013,"Jan,Apr,Jul,Oct"
788,a,c,3860,9,2014,1,23,2015,"Mar,Jun,Sept,Dec"
789,d,a,9680,,,1,5,2013,"Feb,May,Aug,Nov"
790,d,c,4030,3,2014,1,1,2014,"Jan,Apr,Jul,Oct"
791,c,a,250,6,2007,1,14,2011,"Jan,Apr,Jul,Oct"
792,a,a,4520,2,2014,0,,,
793,a,a,1350,9,2009,0,,,
794,a,a,540,4,2004,0,,,
795,d,a,5800,9,2010,0,,,
796,d,c,840,,,1,1,2013,"Jan,Apr,Jul,Oct"
797,d,a,11300,3,2012,0,,,
798,a,a,4030,2,2013,1,10,2014,"Jan,Apr,Jul,Oct"
799,a,a,1950,7,2015,0,,,
800,d,c,670,,,1,40,2011,"Jan,Apr,Jul,Oct"
801,c,c,2700,,,1,9,2011,"Mar,Jun,Sept,Dec"
802,c,c,1540,,,1,1,2012,"Jan,Apr,Jul,Oct"
803,a,a,2050,3,2007,0,,,
804,a,c,1480,9,2011,1,1,2012,"Jan,Apr,Jul,Oct"
805,d,c,1390,,,1,9,2011,"Mar,Jun,Sept,Dec"
806,a,a,170,7,2013,1,27,2013,"Jan,Apr,Jul,Oct"
807,d,a,5190,,,1,1,2013,"Jan,Apr,Jul,Oct"
808,a,c,150,,,0,,,
809,a,a,27150,,,0,,,
810,a,a,13020,8,2003,1,40,2014,"Jan,Apr,Jul,Oct"
811,d,c,6210,,,1,1,2013,"Jan,Apr,Jul,Oct"
812,a,a,190,9,2011,0,,,
813,d,a,450,,,1,40,2011,"Jan,Apr,Jul,Oct"
814,b,b,840,,,1,48,2012,"Jan,Apr,Jul,Oct"
815,a,c,60,6,2015,0,,,
816,a,c,4150,,,0,,,
817,d,c,250,,,1,27,2012,"Jan,Apr,Jul,Oct"
818,a,c,18710,4,2015,0,,,
819,a,a,18620,,,1,31,2009,"Feb,May,Aug,Nov"
820,d,c,5140,5,2010,0,,,
821,c,c,1130,6,2015,0,,,
822,c,c,8190,,,1,45,2009,"Feb,May,Aug,Nov"
823,c,a,210,,,1,36,2013,"Mar,Jun,Sept,Dec"
824,a,c,370,,,1,22,2012,"Mar,Jun,Sept,Dec"
825,a,c,200,4,2013,1,14,2013,"Jan,Apr,Jul,Oct"
826,a,a,160,8,2012,0,,,
827,a,c,2100,2,2010,0,,,
828,d,a,2610,7,2006,1,14,2011,"Jan,Apr,Jul,Oct"
829,a,a,3470,3,2012,0,,,
830,c,a,2550,10,2005,0,,,
831,d,c,8970,12,2007,1,22,2012,"Feb,May,Aug,Nov"
832,d,c,9640,11,2013,0,,,
833,a,a,2390,9,2012,0,,,
834,a,a,26450,,,0,,,
835,d,a,17280,10,2009,1,18,2011,"Feb,May,Aug,Nov"
836,d,c,4110,3,2010,1,14,2011,"Jan,Apr,Jul,Oct"
837,d,c,7890,,,1,37,2009,"Jan,Apr,Jul,Oct"
838,c,a,3490,4,2011,1,22,2012,"Jan,Apr,Jul,Oct"
839,c,c,550,10,1999,1,45,2009,"Jan,Apr,Jul,Oct"
840,d,c,9560,,,1,36,2013,"Jan,Apr,Jul,Oct"
841,a,c,350,11,2006,0,,,
842,c,a,4770,,,1,13,2010,"Jan,Apr,Jul,Oct"
843,d,a,20260,,,1,18,2014,"Mar,Jun,Sept,Dec"
844,a,a,1690,4,2015,0,,,
845,a,c,7420,4,2013,0,,,
846,c,a,4210,3,2015,0,,,
847,d,c,6620,3,2012,1,10,2014,"Mar,Jun,Sept,Dec"
848,a,a,500,12,2010,0,,,
849,c,c,8140,11,2013,1,10,2014,"Mar,Jun,Sept,Dec"
850,d,c,10600,7,2005,1,45,2014,"Feb,May,Aug,Nov"
851,a,a,18660,9,2002,0,,,
852,d,c,9800,7,2012,0,,,
853,d,c,4330,2,2011,1,35,2011,"Mar,Jun,Sept,Dec"
854,d,c,29070,4,2005,0,,,
855,a,a,40,8,2001,0,,,
856,d,c,6540,,,1,14,2013,"Jan,Apr,Jul,Oct"
857,d,c,1690,7,2009,1,36,2013,"Mar,Jun,Sept,Dec"
858,d,a,300,5,2014,1,40,2014,"Jan,Apr,Jul,Oct"
859,a,a,5950,4,2007,0,,,
860,d,c,5540,10,2009,0,,,
861,a,c,9720,8,2013,0,,,
862,d,a,,,,0,,,
863,d,c,1920,4,2005,0,,,
864,d,a,2300,,,0,,,
865,d,a,6260,11,2009,0,,,
866,a,a,310,12,2013,0,,,
867,a,a,36410,4,2008,0,,,
868,a,c,50,,,0,,,
869,d,c,5210,5,2015,0,,,
870,a,a,1100,6,2015,0,,,
871,d,c,6910,4,2005,0,,,
872,c,c,2470,2,2005,1,31,2013,"Mar,Jun,Sept,Dec"
873,d,c,1450,4,2005,1,45,2009,"Feb,May,Aug,Nov"
874,a,a,6480,,,0,,,
875,d,a,6560,12,2013,0,,,
876,a,a,4970,7,2015,0,,,
877,c,c,380,5,2008,1,10,2014,"Mar,Jun,Sept,Dec"
878,a,a,910,,,0,,,
879,a,a,190,,,1,13,2010,"Jan,Apr,Jul,Oct"
880,a,a,2320,,,1,31,2013,"Jan,Apr,Jul,Oct"
881,a,c,14300,3,2011,0,,,
882,d,c,450,4,2014,1,39,2010,"Jan,Apr,Jul,Oct"
883,a,c,2840,3,2010,1,14,2011,"Jan,Apr,Jul,Oct"
884,d,c,540,11,2012,1,35,2010,"Mar,Jun,Sept,Dec"
885,a,c,830,,,1,27,2013,"Jan,Apr,Jul,Oct"
886,a,c,2630,9,2012,0,,,
887,d,a,3200,1,2008,1,22,2011,"Jan,Apr,Jul,Oct"
888,a,a,480,,,0,,,
889,d,c,2210,11,2011,0,,,
890,a,a,1110,5,2009,0,,,
891,a,a,2890,12,2007,1,10,2014,"Mar,Jun,Sept,Dec"
892,d,c,4270,,,1,1,2013,"Jan,Apr,Jul,Oct"
893,a,c,18050,,,1,14,2011,"Jan,Apr,Jul,Oct"
894,a,a,2100,8,2013,1,14,2011,"Jan,Apr,Jul,Oct"
895,a,a,50,12,2005,1,26,2010,"Jan,Apr,Jul,Oct"
896,d,c,8400,4,2012,1,5,2013,"Feb,May,Aug,Nov"
897,a,a,100,,,0,,,
898,d,c,14620,,,0,,,
899,a,c,3110,3,2003,0,,,
900,a,c,130,,,1,14,2011,"Jan,Apr,Jul,Oct"
901,a,c,13620,,,1,10,2014,"Mar,Jun,Sept,Dec"
902,a,a,30,7,2002,0,,,
903,d,c,8460,,,0,,,
904,a,a,2260,,,1,40,2014,"Jan,Apr,Jul,Oct"
905,a,c,1680,,,1,45,2009,"Feb,May,Aug,Nov"
906,d,c,440,4,2014,0,,,
907,a,a,1100,6,2009,0,,,
908,d,c,7520,7,2014,1,45,2009,"Feb,May,Aug,Nov"
909,a,a,400,8,2013,0,,,
910,d,c,2770,,,0,,,
911,b,a,400,3,2006,0,,,
912,a,c,2330,,,0,,,
913,a,a,1160,9,2005,1,13,2010,"Jan,Apr,Jul,Oct"
914,a,c,2900,7,1990,0,,,
915,c,a,2460,1,2012,0,,,
916,d,c,1100,12,2014,0,,,
917,c,c,340,,,0,,,
918,d,a,2110,11,1995,1,40,2014,"Jan,Apr,Jul,Oct"
919,a,a,540,10,2011,0,,,
920,a,a,330,,,1,14,2011,"Jan,Apr,Jul,Oct"
921,d,c,4520,,,0,,,
922,a,a,14960,,,0,,,
923,d,c,13840,6,2010,1,14,2012,"Jan,Apr,Jul,Oct"
924,d,a,21930,,,0,,,
925,d,c,15340,4,2015,1,39,2009,"Jan,Apr,Jul,Oct"
926,d,c,18010,9,2007,0,,,
927,a,a,140,4,2008,0,,,
928,a,c,1140,5,2013,1,40,2014,"Jan,Apr,Jul,Oct"
929,c,c,1130,,,1,40,2011,"Jan,Apr,Jul,Oct"
930,a,a,3150,5,2005,0,,,
931,c,a,240,9,2002,0,,,
932,a,a,14960,11,2013,1,37,2009,"Jan,Apr,Jul,Oct"
933,c,a,1140,5,2011,1,14,2012,"Mar,Jun,Sept,Dec"
934,a,a,850,11,2012,1,40,2014,"Jan,Apr,Jul,Oct"
935,a,a,580,2,2008,0,,,
936,d,a,18610,11,2002,1,48,2011,"Mar,Jun,Sept,Dec"
937,a,a,3750,,,1,45,2009,"Feb,May,Aug,Nov"
938,a,a,3200,6,2005,0,,,
939,d,a,6540,12,2007,0,,,
940,c,c,5260,9,2012,0,,,
941,c,a,1270,9,2008,0,,,
942,d,c,4820,3,2008,0,,,
943,a,c,25360,10,2014,0,,,
944,a,a,260,10,2006,1,31,2013,"Feb,May,Aug,Nov"
945,d,a,490,,,1,35,2010,"Mar,Jun,Sept,Dec"
946,c,a,4030,2,2015,0,,,
947,d,c,17340,6,2010,1,9,2011,"Feb,May,Aug,Nov"
948,d,a,18670,12,2005,0,,,
949,d,c,6860,,,1,18,2011,"Jan,Apr,Jul,Oct"
950,a,a,3350,2,2010,0,,,
951,a,c,9200,10,2009,1,14,2012,"Jan,Apr,Jul,Oct"
952,d,c,2330,,,1,49,2014,"Mar,Jun,Sept,Dec"
953,a,a,2040,6,2007,0,,,
954,c,a,550,12,2013,1,40,2014,"Jan,Apr,Jul,Oct"
955,a,a,21790,4,2005,1,18,2015,"Feb,May,Aug,Nov"
956,a,a,90,12,2012,1,14,2011,"Jan,Apr,Jul,Oct"
957,d,a,,,,1,5,2013,"Feb,May,Aug,Nov"
958,a,a,2640,12,2005,1,31,2013,"Feb,May,Aug,Nov"
959,d,c,2920,10,1995,1,27,2011,"Jan,Apr,Jul,Oct"
960,a,c,15320,3,2011,1,14,2013,"Feb,May,Aug,Nov"
961,a,c,270,4,2013,1,14,2013,"Jan,Apr,Jul,Oct"
962,a,a,1980,7,2010,1,37,2009,"Jan,Apr,Jul,Oct"
963,d,a,2590,9,2012,0,,,
964,a,c,8260,,,0,,,
965,a,a,2890,10,2003,0,,,
966,d,c,7160,11,2012,1,9,2011,"Jan,Apr,Jul,Oct"
967,a,a,3560,10,2001,1,31,2013,"Feb,May,Aug,Nov"
968,d,a,8990,,,1,31,2009,"Feb,May,Aug,Nov"
969,a,c,5330,9,2011,1,31,2013,"Jan,Apr,Jul,Oct"
970,c,a,420,3,2006,0,,,
971,d,c,1090,,,1,31,2013,"Feb,May,Aug,Nov"
972,c,a,3850,11,2005,1,14,2011,"Jan,Apr,Jul,Oct"
973,d,c,3560,,,0,,,
974,a,c,1650,9,2008,0,,,
975,d,c,1910,4,2009,0,,,
976,a,a,1000,9,2008,0,,,
977,a,a,7250,12,2013,0,,,
978,d,a,1590,3,2012,0,,,
979,c,a,1980,4,2009,0,,,
980,d,c,2770,6,2008,1,22,2011,"Jan,Apr,Jul,Oct"
981,d,c,1500,10,2005,0,,,
982,a,a,14040,,,0,,,
983,c,a,1600,8,2013,1,40,2014,"Jan,Apr,Jul,Oct"
984,a,a,2410,,,1,40,2014,"Jan,Apr,Jul,Oct"
985,c,a,190,,,1,45,2009,"Feb,May,Aug,Nov"
986,a,a,800,6,2007,0,,,
987,c,c,530,4,2005,1,35,2010,"Mar,Jun,Sept,Dec"
988,a,c,290,,,1,40,2011,"Jan,Apr,Jul,Oct"
989,a,c,9260,,,0,,,
990,a,a,80,6,2005,0,,,
991,a,a,2540,6,2005,0,,,
992,a,a,6710,11,2003,1,14,2012,"Jan,Apr,Jul,Oct"
993,d,a,1760,,,1,10,2014,"Mar,Jun,Sept,Dec"
994,a,a,40,3,2014,1,1,2014,"Jan,Apr,Jul,Oct"
995,a,a,1930,9,2009,0,,,
996,a,c,7340,5,2008,1,27,2012,"Jan,Apr,Jul,Oct"
997,a,c,29190,,,0,,,
998,a,c,3340,,,1,22,2012,"Mar,Jun,Sept,Dec"
999,d,c,1040,,,1,27,2012,"Jan,Apr,Jul,Oct"
1000,c,a,2410,,,1,35,2011,"Jan,Apr,Jul,Oct"
